USE BaseDatosCine

INSERT INTO Paises(Nombre_Pais, Abrev_Pais)
VALUES('Mexico','MEX')

INSERT INTO Estados(Cve_Estado, Cve_Pais, Nombre_Estado)
VALUES('1','1','Guerrero'), ('2','1','Nuevo León')

INSERT INTO Municipios(Cve_Estado, Cve_Pais, Nombre_Municipio)
VALUES
--Nuevo León
('1','1','Tixtla de Guerrero'),
('1','1','Tlacoapa'),
('1','1','Acatepec'),
--Guerrero
('2','1','Apodaca'),
('2','1','Monterrey'),
('2','1','San Nicolás de los Garza')

INSERT INTO Codigo_Postal(Cve_CP, Cve_Municipio, Cve_Estado, Cve_Pais, Id_colonia, Colonia)
VALUES
--Guerrero
('39119','1','1','1','1000','Adolfo López Mateos'),
('39122','1','1','1','1001','Chichipico'),
('39123','1','1','1','1002','del Camposanto'),
('39125','1','1','1','1003','El Calvario'),
('39126','1','1','1','1004','Ignacio Manuel Altamirano'),

('39150','2','1','1','1005','Carrizal'),
('39151','2','1','1','1006','El Ahuehuete'),
('39154','2','1','1','1007','La Sabana'),
('39159','2','1','1','1008','Metlapilapa'),
('39162','2','1','1','1009','Tenamazapa'),

('39172','3','1','1','1010','Acatepec'),
('39173','3','1','1','1011','Barranca Dulce'),
('39174','3','1','1','1012','Caxitepec'),
('39175','3','1','1','1013','El Aguacate'),
('39176','3','1','1','1014','Llano Grande'),
--Nuevo León
('64000','4','2','1','2000','Metroplex'),
('64004','4','2','1','2001','Nueva las Puentes'),
('64010','4','2','1','2002','San Andres'),
('64020','4','2','1','2003','La Cieneguita'),
('64030','4','2','1','2004','Las Palmas'),

('65000','5','2','1','2005','Monterrey Centro'),
('65001','5','2','1','2006','Amway'),
('65002','5','2','1','2007','Obrera'),
('65004','5','2','1','2008','Gonzalitos'),
('65032','5','2','1','2009','Lomas'),

('65100','6','2','1','2010','Anáhuac'),
('65105','6','2','1','2011','Cuauhtémoc'),
('65110','6','2','1','2012','La Fe'),
('65120','6','2','1','2013','Fomerrey 119'),
('65140','6','2','1','2014','Las Puentes Sector 7')

INSERT INTO Sucursales(Nombre_Sucursal, Cve_CP, Cve_Municipio, Cve_Estado, Cve_Pais, Id_Colonia)
VALUES
('Cinemas San Luis','39119','1','1','1','1000'),
('Cinemas Puebla','39150','2','1','1','1005'),
('Cinemas Coronango','39172','3','1','1','1010'),
('Cinemas Gonazalitos','64000','4','2','1','2000'),
('Cinemas Monterrey','64030','4','2','1','2004'),
('Cinemas Las Lomas','65001','5','2','1','2006'),
('Cinemas Las Palmas','65002','5','2','1','2007'),
('Cinemas Anahuac','65100','6','2','1','2010'),
('Cinemas Amatitán','65105','6','2','1','2011')

INSERT INTO Categorias(Nombre_Categoria, Descripcion)
VALUES
('AA','Todo los publicos'),
('A','Apto para mayores de 6 años'),
('B','Apto para mayores de 12 años'),
('B15','Apto para mayores de 15 años'),
('C','Apto para mayores de 18 años')

INSERT INTO Idioma_Pelicula (Nombre_Idioma)
VALUES('English'),('Español'),('Français')

INSERT INTO Peliculas(Cve_Pelicula, Nombre_Pelicula, Descripcion_Pelicula, Actores, Duracion, Studio, Cve_Categoria, Cve_Idioma)
VALUES
('1201','John Wick 3','Es la tercera entrega en la saga de John Wick','Jason Clarke,John Lithgow,Amy Seimetz','1:41','Di Bonaventura Pictures','4','2'),
('1202','X Men Dark Phoenix','Dark Phoenix es una próxima película de acción','Danny DeVito,Michael Keaton,Eva Green,Colin Farrell','1:52','Walt Disney Pictures','2','2'),
('1203','Godzilla II','Es la secuela de la película Godzilla de 2014','Ian McShane,Milla Jovovich,David Harbour','2:01','Millennium Media','5','2'),
('1204','Aladdin','La famosa historia del ladrón árabe','Mark Strong,Zachary Levi,Michelle Borth','2:12','New Line Cinema,DC Films','3','2'),
('1205','La Razon de Estar Contigo','Película de aventuras y comedia dramática','Casey Affleck,Robert Redford','1:33','Endgame Entertainment','3','1'),
('1206','Ugly Dolls Extraordinariamente Feos','Los peluches se crearon para dar felicidad','Ian McShane,Milla Jovovich,David Harbour','2:01','Millennium Media','5','1'),
('1207','Pokemon Detective Pikachu','La historia comienza cuando Harry Goodman desaparece misteriosamente','Linda Cardellini,Patricia Velasquez','1:33','New Line Cinema','3','1'),
('1208','Hijo de la Oscuridad Brightburn','Que pasaría si un niño de otro mundo tuviera un aterrizaje forzoso en la Tierra','Gérard Depardieu,Sandrine Kiberlain','1:26','LBI Productions','3','3'),
('1209','Avengers Endgame','El grave desenlace de los acontecimientos provocados por Thanos','Brie Larson, Bradley Cooper, Chris Evan','3:00','Marvel Studios','2','2'),
('1210','El Bombardeo','Basada en hechos verdaderos durante la Segunda Guerra Mundial','Toper Grace,Chrisy Metz,Mike Colt','1:56','20th Century Fox','2','3')

INSERT INTO Horarios(Cve_Horario, Nom_Dia, Hora)
VALUES
('1001','Lunes','15:00'),
('1002','Miercoles','14:45'),
('1003','Sabado','16:20'),
('1004','Jueves','15:05'),
('1005','Viernes','20:30'),
('1006','Domingo','18:15'),
('1007','Sabado','15:45'),
('1008','Domingo','13:30'),
('1009','Sabado','21:45'),
('1010','Lunes','16:30')

INSERT INTO Tipo_Sala(Descripcion_Sala)
VALUES('General'),('VIP')

INSERT INTO Salas_Cine(Cve_Sala, Cve_Sucursal, Cve_Tipo_Sala, Numero_Sala)
VALUES
/*Sucursal 1*/('100','1','2','1'),('101','1','2','2'),
/*Sucursal 2*/('200','2','2','1'),('201','2','1','2'),
/*Sucursal 3*/('300','3','2','1'),('301','3','2','2'),
/*Sucursal 4*/('400','4','2','1'),('401','4','2','2'),
/*Sucursal 5*/('500','5','2','1'),('501','5','1','2'),
/*Sucursal 6*/('600','6','2','1'),('601','6','1','2'),
/*Sucursal 7*/('700','7','2','1'),('701','7','1','2'),
/*Sucursal 8*/('800','8','1','1'),('801','8','1','2'),
/*Sucursal 9*/('900','9','1','1'),('901','9','1','2')

INSERT INTO Sala_Horario_Pelicula(Cve_Sucursal, Cve_Sala, Cve_Tipo_Sala, Cve_Horario, Cve_Pelicula, Fecha_Inicial, Fecha_Final, Estatus)
VALUES
--Sucursal 1
('1','100','2','1001','1209','2019-4-26','2019-6-6','1'),
('1','100','2','1010','1209','2019-4-26','2019-6-6','1'),
('1','100','2','1005','1209','2019-4-26','2019-6-6','1'),
('1','100','2','1002','1209','2019-4-26','2019-6-6','1'),
('1','100','2','1003','1209','2019-4-26','2019-6-6','1'),

('1','101','2','1010','1210','2019-5-19','2019-6-6','1'),
('1','101','2','1001','1210','2019-5-19','2019-6-6','1'),
('1','101','2','1003','1210','2019-5-19','2019-6-6','1'),
('1','101','2','1004','1210','2019-5-19','2019-6-6','1'),
('1','101','2','1007','1210','2019-5-19','2019-6-6','1'),
--Sucursal 2
('2','200','2','1007','1206','2018-4-26','2019-6-6','1'),
('2','200','2','1005','1206','2018-4-26','2019-6-6','1'),
('2','200','2','1003','1206','2018-4-26','2019-6-6','1'),
('2','200','2','1006','1206','2018-4-26','2019-6-6','1'),
('2','200','2','1002','1206','2018-4-26','2019-6-6','1'),

('2','201','1','1008','1201','2018-3-17','2018-4-17','1'),
('2','201','1','1007','1201','2018-3-17','2018-4-17','1'),
('2','201','1','1006','1201','2018-3-17','2018-4-17','1'),
('2','201','1','1003','1201','2018-3-17','2018-4-17','1'),
('2','201','1','1009','1201','2018-3-17','2018-4-17	','1'),
--Sucursal 3
('3','300','2','1003','1204','2018-2-27','2018-4-15','1'),
('3','300','2','1002','1204','2018-2-27','2018-4-15','1'),
('3','300','2','1010','1204','2018-2-27','2018-4-15','1'),
('3','300','2','1008','1204','2018-2-27','2018-4-15','1'),
('3','300','2','1006','1204','2018-2-27','2018-4-15','1'),

('3','301','2','1007','1207','2019-9-10','2019-9-30','1'),
('3','301','2','1003','1207','2019-9-10','2019-9-30','1'),
('3','301','2','1009','1207','2019-9-10','2019-9-30','1'),
('3','301','2','1002','1207','2019-9-10','2019-9-30','1'),
('3','301','2','1010','1207','2019-9-10','2019-9-30','1'),
--Sucursal 4
('4','400','2','1003','1202','2019-5-26','2019-7-28','1'),
('4','400','2','1007','1202','2019-5-26','2019-7-28','1'),
('4','400','2','1010','1202','2019-5-26','2019-7-28','1'),
('4','400','2','1002','1202','2019-5-26','2019-7-28','1'),
('4','400','2','1009','1202','2019-5-26','2019-7-28','1'),

('4','401','2','1002','1202','2019-5-26','2019-7-28','1'),
('4','401','2','1010','1202','2019-5-26','2019-7-28','1'),
('4','401','2','1004','1202','2019-5-26','2019-7-28','1'),
('4','401','2','1008','1202','2019-5-26','2019-7-28','1'),
('4','401','2','1006','1202','2019-5-26','2019-7-28','1'),
--Sucursal 5
('5','500','2','1002','1203','2019-4-26','2019-6-6','1'),
('5','500','2','1004','1203','2019-4-26','2019-6-6','1'),
('5','500','2','1008','1203','2019-4-26','2019-6-6','1'),
('5','500','2','1010','1203','2019-4-26','2019-6-6','1'),
('5','500','2','1007','1203','2019-4-26','2019-6-6','1'),

('5','501','1','1003','1204','2018-2-27','2018-4-15','1'),
('5','501','1','1006','1204','2018-2-27','2018-4-15','1'),
('5','501','1','1010','1204','2018-2-27','2018-4-15','1'),
('5','501','1','1008','1204','2018-2-27','2018-4-15','1'),
('5','501','1','1002','1204','2018-2-27','2018-4-15','1'),
--Sucursal 
('6','600','2','1006','1210','2019-5-19','2019-6-6','1'),
('6','600','2','1010','1210','2019-5-19','2019-6-6','1'),
('6','600','2','1002','1210','2019-5-19','2019-6-6','1'),
('6','600','2','1001','1210','2019-5-19','2019-6-6','1'),
('6','600','2','1009','1210','2019-5-19','2019-6-6','1'),

('6','601','1','1004','1209','2019-4-26','2019-6-6','1'),
('6','601','1','1003','1209','2019-4-26','2019-6-6','1'),
('6','601','1','1005','1209','2019-4-26','2019-6-6','1'),
('6','601','1','1008','1209','2019-4-26','2019-6-6','1'),
('6','601','1','1009','1209','2019-4-26','2019-6-6','1'),
--Sucursal 7
('7','700','2','1010','1208','2019-4-26','2019-6-6','1'),
('7','700','2','1002','1208','2019-4-26','2019-6-6','1'),
('7','700','2','1004','1208','2019-4-26','2019-6-6','1'),
('7','700','2','1006','1208','2019-4-26','2019-6-6','1'),
('7','700','2','1008','1208','2019-4-26','2019-6-6','1'),

('7','701','1','1001','1207','2019-9-10','2019-9-30','1'),
('7','701','1','1003','1207','2019-9-10','2019-9-30','1'),
('7','701','1','1006','1207','2019-9-10','2019-9-30','1'),
('7','701','1','1009','1207','2019-9-10','2019-9-30','1'),
('7','701','1','1010','1207','2019-9-10','2019-9-30','1'),
--Sucursal 8
('8','800','1','1010','1206','2018-4-26','2019-6-6','1'),
('8','800','1','1007','1206','2018-4-26','2019-6-6','1'),
('8','800','1','1003','1206','2018-4-26','2019-6-6','1'),
('8','800','1','1006','1206','2018-4-26','2019-6-6','1'),
('8','800','1','1001','1206','2018-4-26','2019-6-6','1'),

('8','801','1','1003','1209','2019-4-26','2019-6-6','1'),
('8','801','1','1002','1209','2019-4-26','2019-6-6','1'),
('8','801','1','1008','1209','2019-4-26','2019-6-6','1'),
('8','801','1','1004','1209','2019-4-26','2019-6-6','1'),
('8','801','1','1010','1209','2019-4-26','2019-6-6','1'),
--Sucursal 9
('9','900','1','1003','1207','2019-9-10','2019-9-30','1'),
('9','900','1','1007','1207','2019-9-10','2019-9-30','1'),
('9','900','1','1010','1207','2019-9-10','2019-9-30','1'),
('9','900','1','1001','1207','2019-9-10','2019-9-30','1'),
('9','900','1','1006','1207','2019-9-10','2019-9-30','1'),

('9','901','1','1002','1204','2018-2-27','2018-4-15','1'),
('9','901','1','1003','1204','2018-2-27','2018-4-15','1'),
('9','901','1','1006','1204','2018-2-27','2018-4-15','1'),
('9','901','1','1004','1204','2018-2-27','2018-4-15','1'),
('9','901','1','1009','1204','2018-2-27','2018-4-15','1')

INSERT INTO Clientes(Nombre_cte, Apellido_Pat, Apellido_Mat, Direccion, Cve_CP, Cve_Municipio, Cve_Estado, Cve_Pais, Id_Colonia)
VALUES
('Diego','Limas',' Lopez','Chapala 207, Gonzalitos','39119','1','1','1','1000'),
('Dante','Limas', 'Lopez','Celestino Negrete 312','39151','2','1','1','1006'),
('Luis','Chavarria','Cerda','Aguila 321','39172','3','1','1','1010'),
('Eduardo','Quintanilla','Iqe','Rio Bravo 500','65000','5','2','1','2005'),
('Luis','Limas', 'Quintanilla','Central 192','65140','6','2','1','2014')

INSERT INTO Lugares_Sala_Cine(Cve_Lugar, Cve_Sucursal, Cve_Sala, Cve_Tipo_Sala, Estatus)
Values
--Sucursal 1
('1','1','100','2','1'),('2','1','100','2','1'),('3','1','100','2','1'),('4','1','100','2','1'),('5','1','100','2','1'),('6','1','100','2','1'),('7','1','100','2','1'),('8','1','100','2','1'),('9','1','100','2','1'),('10','1','100','2','1'),
('1','1','101','2','1'),('2','1','101','2','1'),('3','1','101','2','1'),('4','1','101','2','1'),('5','1','101','2','1'),('6','1','101','2','1'),('7','1','101','2','1'),('8','1','101','2','1'),('9','1','101','2','1'),('10','1','101','2','1'),
--Sucursal 2
('1','2','200','2','1'),('2','2','200','2','1'),('3','2','200','2','1'),('4','2','200','2','1'),('5','2','200','2','1'),('6','2','200','2','1'),('7','2','200','2','1'),('8','2','200','2','1'),('9','2','200','2','1'),('10','2','200','2','1'),
('1','2','201','1','1'),('2','2','201','1','1'),('3','2','201','1','1'),('4','2','201','1','1'),('5','2','201','1','1'),('6','2','201','1','1'),('7','2','201','1','1'),('8','2','201','1','1'),('9','2','201','1','1'),('10','2','201','1','1'),
--Sucursal 3
('1','3','300','2','1'),('2','3','300','2','1'),('3','3','300','2','1'),('4','3','300','2','1'),('5','3','300','2','1'),('6','3','300','2','1'),('7','3','300','2','1'),('8','3','300','2','1'),('9','3','300','2','1'),('10','3','300','2','1'),
('1','3','301','2','1'),('2','3','301','2','1'),('3','3','301','2','1'),('4','3','301','2','1'),('5','3','301','2','1'),('6','3','301','2','1'),('7','3','301','2','1'),('8','3','301','2','1'),('9','3','301','2','1'),('10','3','301','2','1'),
--Sucursal 4
('1','4','400','2','1'),('2','4','400','2','1'),('3','4','400','2','1'),('4','4','400','2','1'),('5','4','400','2','1'),('6','4','400','2','1'),('7','4','400','2','1'),('8','4','400','2','1'),('9','4','400','2','1'),('10','4','400','2','1'),
('1','4','401','2','1'),('2','4','401','2','1'),('3','4','401','2','1'),('4','4','401','2','1'),('5','4','401','2','1'),('6','4','401','2','1'),('7','4','401','2','1'),('8','4','401','2','1'),('9','4','401','2','1'),('10','4','401','2','1'),
--Sucursal 5
('1','5','500','2','1'),('2','5','500','2','1'),('3','5','500','2','1'),('4','5','500','2','1'),('5','5','500','2','1'),('6','5','500','2','1'),('7','5','500','2','1'),('8','5','500','2','1'),('9','5','500','2','1'),('10','5','500','2','1'),
('1','5','501','1','1'),('2','5','501','1','1'),('3','5','501','1','1'),('4','5','501','1','1'),('5','5','501','1','1'),('6','5','501','1','1'),('7','5','501','1','1'),('8','5','501','1','1'),('9','5','501','1','1'),('10','5','501','1','1'),
--Sucursal 6
('1','6','600','2','1'),('2','6','600','2','1'),('3','6','600','2','1'),('4','6','600','2','1'),('5','6','600','2','1'),('6','6','600','2','1'),('7','6','600','2','1'),('8','6','600','2','1'),('9','6','600','2','1'),('10','6','600','2','1'),
('1','6','601','1','1'),('2','6','601','1','1'),('3','6','601','1','1'),('4','6','601','1','1'),('5','6','601','1','1'),('6','6','601','1','1'),('7','6','601','1','1'),('8','6','601','1','1'),('9','6','601','1','1'),('10','6','601','1','1'),
--Sucursal 7
('1','7','700','2','1'),('2','7','700','2','1'),('3','7','700','2','1'),('4','7','700','2','1'),('5','7','700','2','1'),('6','7','700','2','1'),('7','7','700','2','1'),('8','7','700','2','1'),('9','7','700','2','1'),('10','7','700','2','1'),
('1','7','701','1','1'),('2','7','701','1','1'),('3','7','701','1','1'),('4','7','701','1','1'),('5','7','701','1','1'),('6','7','701','1','1'),('7','7','701','1','1'),('8','7','701','1','1'),('9','7','701','1','1'),('10','7','701','1','1'),
--Sucursal 8
('1','8','800','1','1'),('2','8','800','1','1'),('3','8','800','1','1'),('4','8','800','1','1'),('5','8','800','1','1'),('6','8','800','1','1'),('7','8','800','1','1'),('8','8','800','1','1'),('9','8','800','1','1'),('10','8','800','1','1'),
('1','8','801','1','1'),('2','8','801','1','1'),('3','8','801','1','1'),('4','8','801','1','1'),('5','8','801','1','1'),('6','8','801','1','1'),('7','8','801','1','1'),('8','8','801','1','1'),('9','8','801','1','1'),('10','8','801','1','1'),
--Sucursal 9
('1','9','900','1','1'),('2','9','900','1','1'),('3','9','900','1','1'),('4','9','900','1','1'),('5','9','900','1','1'),('6','9','900','1','1'),('7','9','900','1','1'),('8','9','900','1','1'),('9','9','900','1','1'),('10','9','900','1','1'),
('1','9','901','1','1'),('2','9','901','1','1'),('3','9','901','1','1'),('4','9','901','1','1'),('5','9','901','1','1'),('6','9','901','1','1'),('7','9','901','1','1'),('8','9','901','1','1'),('9','9','901','1','1'),('10','9','901','1','1')

INSERT INTO Costos_Cine(Descripcion, Costo)
VALUES('General',45.00),('VIP',50.00),('IMAX',60.00)

INSERT INTO Pago_Cliente(Codigo_Referencia, Fecha_Pago, Cve_cte, Costo_Total_Cine, Costo_Total_Productos, Gran_Total, Status_Cobro, Cve_Sucursal, Cve_Sala, Cve_Tipo_Sala, Cve_Horario, Cve_Pelicula, Status_Impresion, Status_Reimpresion)
VALUES
('123401','2018-3-17','1','45.00','128.00','173.00','1','1','101','2','1001','1210','1','0'),
('123402','2018-3-18','2','45.00','128.00','173.00','1','1','101','2','1001','1210','1','0'),
('123403','2018-3-13','3','45.00','30.00','75.00','1','1','100','1','1001','1209','1','0'),
('123404','2018-3-15','4','45.00','32.00','77.00','1','1','100','1','1001','1209','1','0'),
('123405','2018-3-10','5','45.00','30.00','75.00','1','1','100','1','1001','1209','1','0')

INSERT INTO Asignacion_Lugares(Codigo_Referencia, Cve_Lugar, Cve_Sucursal, Cve_Sala, Cve_Tipo_Sala)
VALUES
('123401','1','1','101','2'),
('123401','2','1','101','2'),
('123401','3','1','101','2'),
('123402','7','1','101','2'),
('123403','5','1','100','1'),
('123404','3','1','100','1'),
('123405','10','1','100','1')

INSERT INTO Detalle_Pago_Cliente(Codigo_Referencia, Cve_Costo, Costo_Boleto)
VALUES
('123405','1','45.00'),
('123404','1','45.00'),
('123403','1','45.00'),
('123402','2','50.00'),
('123401','2','50.00')

/*
SELECT*FROM Paises
SELECT*FROM Estados
SELECT*FROM Municipios
SELECT*FROM Codigo_Postal
SELECT*FROM Sucursales
SELECT*FROM Categorias
SELECT*FROM Idioma_Pelicula
SELECT*FROM Peliculas
SELECT*FROM Horarios
SELECT*FROM Tipo_Sala
SELECT*FROM Salas_Cine
SELECT*FROM Sala_Horario_Pelicula
SELECT*FROM Clientes
SELECT*FROM Lugares_Sala_Cine
SELECT*FROM Asignacion_Lugares
SELECT*FROM Costos_Cine
SELECT*FROM Detalle_Pago_Cliente
SELECT*FROM Pago_Cliente
*/